{"cameraMode":{"drawMode":0,"name":"Shaded","section":"Shading Mode"},"sceneLighting":false,"audioPlay":false,"sceneViewState":{"m_AlwaysRefresh":false,"showFog":true,"showSkybox":false,"showFlares":true,"showImageEffects":true,"showParticleSystems":true,"showVisualEffectGraphs":true,"m_FxEnabled":true},"in2DMode":false,"pivot":{"x":0.3528979420661926,"y":0.3831453323364258,"z":-0.8021332025527954},"rotation":{"x":-0.009927117265760899,"y":-0.9780231714248657,"z":0.20878030359745027,"w":-0.04770459607243538},"size":1.1334633827209473,"orthographic":false}