{"cameraMode":{"drawMode":0,"name":"Shaded","section":"Shading Mode"},"sceneLighting":false,"audioPlay":false,"sceneViewState":{"m_AlwaysRefresh":false,"showFog":true,"showSkybox":false,"showFlares":true,"showImageEffects":true,"showParticleSystems":true,"showVisualEffectGraphs":true,"m_FxEnabled":true},"in2DMode":false,"pivot":{"x":0.591012179851532,"y":0.24231216311454774,"z":-1.0362859964370728},"rotation":{"x":-0.006662263534963131,"y":-0.9929348826408386,"z":0.06721064448356629,"w":-0.10959827899932862},"size":1.0720750093460084,"orthographic":false}