{"cameraMode":{"drawMode":0,"name":"Shaded","section":"Shading Mode"},"sceneLighting":true,"audioPlay":false,"sceneViewState":{"m_AlwaysRefresh":false,"showFog":true,"showSkybox":true,"showFlares":true,"showImageEffects":true,"showParticleSystems":true,"showVisualEffectGraphs":true,"m_FxEnabled":true},"in2DMode":false,"pivot":{"x":-195.60000610351563,"y":0.6200000047683716,"z":425.47064208984377},"rotation":{"x":0.17095090448856355,"y":0.40097224712371828,"z":-0.07746326923370362,"w":0.8970332145690918},"size":0.8660253882408142,"orthographic":false}