{"cameraMode":{"drawMode":0,"name":"Shaded","section":"Shading Mode"},"sceneLighting":false,"audioPlay":false,"sceneViewState":{"m_AlwaysRefresh":false,"showFog":true,"showSkybox":false,"showFlares":true,"showImageEffects":true,"showParticleSystems":true,"showVisualEffectGraphs":true,"m_FxEnabled":true},"in2DMode":false,"pivot":{"x":56.077430725097659,"y":-1.5370423793792725,"z":14.886892318725586},"rotation":{"x":0.07809627801179886,"y":0.9185822010040283,"z":-0.23007206618785859,"w":0.3118726313114166},"size":4.673811912536621,"orthographic":false}