{"cameraMode":{"drawMode":0,"name":"Shaded","section":"Shading Mode"},"sceneLighting":false,"audioPlay":false,"sceneViewState":{"m_AlwaysRefresh":false,"showFog":true,"showSkybox":false,"showFlares":true,"showImageEffects":true,"showParticleSystems":true,"showVisualEffectGraphs":true,"m_FxEnabled":true},"in2DMode":false,"pivot":{"x":40.588035583496097,"y":1.0945768356323243,"z":19.642452239990236},"rotation":{"x":0.27232202887535097,"y":0.47931361198425295,"z":-0.15939204394817353,"w":0.8190125226974487},"size":3.7037360668182375,"orthographic":false}